,Company,Test R2,Test MSE
0,ADMG,0.996451874990284,58.41517391286906
0,AGII,0.9952554478369339,1572.6110773553962
0,AKPI,0.9946249142179903,485.82946450875164
0,ALDO,0.986067549821903,657.8794885635746
0,ALKA,0.9905120089883255,196.3641638303135
0,ALMI,0.9939084283739593,108.4010705026422
0,AMMN,0.9912867674494097,38657.336500139034
0,ANTM,0.9984782469748557,1024.8556670053965
0,APLI,0.9964266282211774,35.60907618303136
0,ARCI,0.9877366531798949,140.41584265572675
0,AVIA,0.9845325944902485,269.7763132087881
0,AYLS,0.9886150731314209,80.45521139100158
0,BAJA,0.998768122892981,101.13785154099001
0,BEBS,0.9943125026851642,822.6895744392158
0,BMSR,0.9954652237109094,101.66984148595165
0,BRMS,0.9993920243280288,18.360201677923772
0,BRNA,0.998373882246462,309.7880590857132
0,BRPT,0.9981993678798271,268.6372912556783
0,BTON,0.9972983958092871,39.433636909092805
0,CHEM,0.9221502589560285,39.975641176560536
0,CITA,0.9981369081032319,1673.301725439565
0,CLPI,0.9990780224769563,180.25661394553993
0,CMNT,0.9619940265943503,403.7336324021349
0,CTBN,0.9982889291474447,4392.5321294157075
0,DKFT,0.9988446414990246,26.954902191083896
0,DPNS,0.9887363200760874,107.02324507840063
0,EKAD,0.9994023912839634,4.818765093260172
0,EPAC,0.9917466805010213,56.99695166818246
0,ESIP,0.9818731100742897,66.31561327261666
0,ESSA,0.9956557441904808,288.8136455810096
0,ETWA,0.9959566364293673,52.93110994570305
0,FASW,0.9994652428353545,3489.7696265650766
0,FPNI,0.9926922619122646,74.437319304639
0,FWCT,0.9629447802157242,28.279281073116096
0,GDST,0.9845509774329207,18.955244688169486
0,GGRP,0.9812263316104163,349.0125703974231
0,HKMU,0.9983227890486068,24.39957694134155
0,IFII,0.8692154270168788,55.96255095477646
0,IFSH,0.9874039961419042,2172.2981850303345
0,IGAR,0.9977589816464884,57.32059329960858
0,INAI,0.9980246410516916,36.47260554974398
0,INCF,0.9992137268505477,1325.5250543620261
0,INCI,0.9965015577153998,102.37043852962445
0,INCO,0.9964717423531071,9802.716433533942
0,INKP,0.9979432694084436,33309.26089112011
0,INRU,0.9952399129599002,494.9759449943534
0,INTD,0.9886314341307771,124.3868229676681
0,INTP,0.953091987641591,2643762.8198207673
0,IPOL,0.9945224796672062,9.484947493621123
0,ISSP,0.9930971194759644,41.036850149317196
0,JKSW,0.9912049480813436,36.18020086725104
0,KAYU,0.9897608297021417,158.36672144282048
0,KBRI,0.9987361716461285,40.542072888829
0,KDSI,0.9979180557021895,314.01416887665255
0,KKES,0.9921772981461457,12.582193592807275
0,KMTR,0.9691895930960474,253.08435603806683
0,KRAS,0.9973383021980282,127.00945564108633
0,LMSH,0.9965434263003233,273.22076557644675
0,LTLS,0.9983565563113159,146.98585408054964
0,MBMA,0.9619225069612085,472.17857889624935
0,MDKA,0.9979482664447241,4178.9119130124345
0,MDKI,0.96067915030519,42.905710029581726
0,MOLI,0.993528898545276,548.6148057348868
0,NCKL,0.9158625877544468,1099.8993824669624
0,NICE,0.9147266548272444,3947.073165520669
0,NICL,0.9892067846743626,72.51611882002999
0,NIKL,0.9958818913683138,6508.843847103808
0,NPGF,0.9775037951927741,22.377470565800532
0,OBMD,0.979751435449601,103.45142769524608
0,OKAS,0.9728882800580206,565000.1858793383
0,OPMS,0.9918875668236611,193.39993392536815
0,PACK,0.9874807621842515,64.1511956755371
0,PBID,0.9949174052099813,518.3286419490685
0,PDPP,0.9949602208900542,56.6310799369672
0,PICO,0.99297063793404,1494.3721132734572
0,PPRI,-0.3205237439112085,88.73653550933112
0,PSAB,0.9918175579116807,75.16620316348224
0,PURE,0.9896402637263857,215.15986932368523
0,SAMF,0.982904275208459,1214.1165459264903
0,SBMA,0.9830114434671696,156.50033894916112
0,SIMA,0.9920340613402213,93.90922730193084
0,SMBR,0.9974894485160376,2623.383631804904
0,SMCB,0.9986394990412811,855.3149797302093
0,SMGA,0.6773412934950207,22.267807243875374
0,SMGR,0.9974733288779652,36953.41416456685
0,SMKL,0.9845094057858323,106.81441365556655
0,SMLE,0.8421211040925776,383.95260556132115
0,SOLA,,6723.484347486674
0,SPMA,0.9970119213234939,44.91408044701403
0,SQMI,0.9987616231796884,161.91576430447927
0,SRSN,0.9940049967849194,52.00011956577057
0,SULI,0.9987523014113793,316.1974068965149
0,SWAT,0.9739697497036968,51.51833736212025
0,TALF,0.9529882096755244,256.8931702496469
0,TBMS,0.9973549922996348,188.63203263696846
0,TDPM,0.9961557740923586,29.28291968609831
0,TINS,0.9978960449810916,721.9570255385214
0,TIRT,0.9817981365243048,79.52878718268136
0,TKIM,0.9978841127255715,28641.773904580066
0,TPIA,0.99781052869737,2282.328767841952
0,TRST,0.9981536403029102,46.93619736264251
0,UNIC,0.99857505732665,10287.628374060143
0,WSBP,0.9987866152653792,33.46263916081082
0,WTON,0.9985230022476237,168.26624221802797
0,YPAS,0.9757248526603821,912.5244680518331
0,ZINC,0.9974090657820677,72.29858848462764
0,ABBA,0.995945089666912,24.766147258121343
0,ACES,0.9979850554820835,514.6293876063035
0,ACRO,0.7162694878145468,47.85496435080291
0,AEGS,0.9350597836390072,24.445149942683827
0,AKKU,0.9873165120498973,7.820277355237546
0,ARGO,0.9992321015254867,27.34669617823954
0,ARTA,0.9982858201856887,621.6978495758136
0,ASLC,0.9891873409870471,32.04395530876562
0,AUTO,0.9990818636757125,1322.171238012209
0,BABY,0.9567468765442354,110.16982737681795
0,BAIK,0.22721541637576537,389.8674373008226
0,BATA,0.9995840767481267,70.29939238777209
0,BAUT,0.9784007310564075,11.571202221455541
0,BAYU,0.9966949887119007,1261.7732846723743
0,BELL,0.993670161666328,37.466107995844396
0,BIKE,0.9866055472100279,158.39787767140635
0,BIMA,0.9972533915923995,110.89601215891896
0,BLTZ,0.9919784544406045,10175.49187670029
0,BMBL,0.9653824884470943,20.132338777857587
0,BMTR,0.9987103491240517,509.77936885631283
0,BOGA,0.9977846556474684,303.1804183947511
0,BOLA,0.9933535057083449,205.43469693831716
0,BOLT,0.9580674684730819,774.6670509733755
0,BRAM,0.9947942860119375,53860.350436161054
0,BUVA,0.9970331584503963,27.762050712617143
0,CARS,0.9969467029341921,18.275506086757108
0,CBMF,0.9917251110169876,178.47376298780551
0,CINT,0.9896494715706696,36.3783365054747
0,CLAY,0.9975905382482446,4279.908962699046
0,CNMA,0.9235976368002177,47.70101027527614
0,CNTX,0.9950395528941377,233.6653933076809
0,CSAP,0.9965765429680163,134.50162783615892
0,CSMI,0.995394047892924,6418.155814325103
0,DEPO,0.9634039537487084,82.72490807885406
0,DFAM,0.9957752043496746,506.711901561961
0,DIGI,0.9941954818169451,160.7319268327008
0,DOOH,0.9886990533944323,27.912968977565384
0,DRMA,0.9903027615135364,1250.8801753687446
0,DUCK,0.9980135301657495,625.8456069944174
0,EAST,0.9752993771776568,26.836746687333626
0,ECII,0.9973244884685879,1232.8654202755856
0,ENAK,0.9848126390801655,1676.0906900322316
0,ERAA,0.99616859151639,103.68963799015482
0,ERAL,0.9395816762063606,66.88465222370816
0,ERTX,0.9925962088920729,51.23877367773232
0,ESTA,0.9857172218687232,83.52959766183179
0,ESTI,0.9983722916179462,9.258040739736892
0,FAST,0.998946797740292,209.50361710293095
0,FILM,0.9966092247930605,6130.993647072032
0,FITT,0.9968731380802944,139.46245724949995
0,FORU,0.9939511191055322,300.0072618603556
0,FUTR,0.9812071008483061,10.72750217739858
0,GDYR,0.9968638357078199,1039.1453896980527
0,GEMA,0.9978150066638259,35.063021575556434
0,GJTL,0.9986865756632458,712.8693891662504
0,GLOB,0.9963773854577515,630.5483977439302
0,GRPH,0.46443106859655614,54.31980607728583
0,GWSA,0.9862480775304522,23.23794007184785
0,HAJJ,0.9783117800264314,115.74109004618461
0,HDTX,0.9980961184716122,71.45558490175337
0,HOME,0.9956943631285747,44.60108415637082
0,HOTL,0.9923724073684206,18.507301721230302
0,HRME,0.9974711526982961,260.075172836032
0,HRTA,0.9837788653763759,77.90606200441316
0,IDEA,0.9788149705423944,28.334037482528732
0,IIKP,0.9943378703591409,50.40603603617852
0,IMAS,0.9991240476828934,2878.451035715279
0,INDR,0.9970248485128974,11067.828375820076
0,INDS,0.9991224444780956,1110.4006346951094
0,INOV,0.9848023406502208,105.93883828756303
0,IPTV,0.9972320953878998,59.439390283455
0,ISAP,0.9322958401840592,50.54368167451693
0,JGLE,0.9939334905859455,34.26484899959152
0,JIHD,0.9963364472478693,484.21183833747295
0,JSPT,0.9985988204432755,368.7473185790935
0,KDTN,0.8580308947066635,41.21528647744337
0,KICI,0.9881920577965413,54.950004063659875
0,KLIN,0.9823220007559859,3.014738480435863
0,KOTA,0.9961714655095901,249.2498244588708
0,KPIG,0.981538580237111,49.73778390183772
0,LFLO,0.9724970674488082,15.804957358287252
0,LIVE,0.37914840254202453,50.4410246832694
0,LMAX,0.9816564841077327,119.37130743429235
0,LMPI,0.9869646321493262,66.15589841827556
0,LPIN,0.9948722187449454,130.51317059860645
0,LPPF,0.638375899779394,26358578.587289248
0,LUCY,0.9933090868651308,19.043075615182943
0,MABA,0.9951106107330654,466.75083544283234
0,MAMI,0.9888502785661679,7.4241485674009455
0,MAPA,0.9958727939821516,203.90905389978587
0,MAPB,0.9772964324780027,2028.9953737629962
0,MAPI,0.9983218280855636,340.9316477124597
0,MARI,0.9957619507316391,52.49694500474945
0,MASA,0.9973024508749484,4281.590014075632
0,MDIA,0.9972139540931542,32.81998038631296
0,MEJA,0.9438943631682366,35.87220697044952
0,MGLV,0.9857237784100064,51.47310252526231
0,MGNA,0.9658638064420411,12.57106141266164
0,MICE,0.9970585999860071,95.75642913536633
0,MINA,0.9947457652685748,1113.410338322811
0,MKNT,0.9917255048677195,51.210545614157276
0,MNCN,0.9978686705321022,1426.5625427230634
0,MPMX,0.9934867633745192,409.7481196802235
0,MSIN,0.9983752901487257,6663.939058853122
0,MSKY,0.997387698720056,1136.9133799744154
0,MYTX,0.9944870806341863,20.516906352277392
0,NATO,0.9934279055079499,311.0209125531384
0,NETV,0.9756410456826312,372.8347247187769
0,NIPS,0.9979199842739492,56.358061973694376
0,NUSA,0.971533155943571,79.7897955449412
0,OLIV,0.9484328677375135,40.390142796000525
0,PANR,0.9969068190199558,92.92553010004579
0,PBRX,0.9982549135747509,33.56760762297924
0,PDES,0.9941842237489003,958.5137751579316
0,PGLI,0.9951310771741526,59.30057034737317
0,PJAA,0.9964459160194706,913.3055284975454
0,PLAN,0.9948964846584997,11.103701182272427
0,PMJS,0.9392695125785476,22.637319023516334
0,PNSE,0.995371087886722,440.3807919869619
0,POLU,0.9893667613374173,4129.104187688114
0,POLY,0.9966624511695256,540.3851680100697
0,PRAS,0.9912849308967464,34.084590723087516
0,PSKT,0.9965611438641198,4.037053479405641
0,PTSP,0.9990442885700304,8199.594076486183
0,PZZA,0.9955870352617432,317.5777997682298
0,RAAM,0.9019586918494027,1052.480328521907
0,RAFI,0.9879851657896398,36.4923543453375
0,RALS,0.9947163233392368,435.8326889113468
0,RICY,0.9981245363618854,39.1545524667788
0,SBAT,0.9803728421582596,47.99602203063871
0,SCMA,0.9986012271846855,70.78434854118075
0,SCNP,0.9676066622904305,92.36937575159286
0,SHID,0.9975287311027241,3111.0692042492265
0,SLIS,0.9971343036377623,27626.638522139325
0,SMSM,0.998860283101406,415.69940724542175
0,SNLK,0.9834440710538984,1572.2330469860883
0,SOFA,0.9945008128251475,12.286498069811666
0,SONA,0.9985562343729282,1240.6873696641383
0,SOTS,0.9534803217690256,344.65611092731825
0,SRIL,0.995257697074393,32.41322816950784
0,SSTM,0.9955062260379078,180.29749463178553
0,SWID,0.9586074443330106,28.307293584344723
0,TELE,0.9983291028809986,214.27924253723526
0,TFCO,0.9908465455318368,487.51940695496785
0,TMPO,0.9912314654850521,31.614118581917698
0,TOOL,0.9751491035835848,7.8178782221294325
0,TOYS,0.9968520871863776,103.20576511599916
0,TRIO,0.9988045375364308,538.3880771737859
0,TRIS,0.9908925490379197,62.75690501862885
0,TYRE,0.07127643175771603,73.1897731710401
0,UFOE,0.9919386003246913,2352.148129096447
0,UNIT,0.9892929226552868,166.62231992033102
0,UNTD,0.8801233892960598,81.22372769997263
0,VIVA,0.9985136709508817,51.94906899936532
0,VKTR,0.8979844459186039,11.205133421415342
0,WOOD,0.9945935227359263,221.97268615990853
0,YELO,0.9923953201987472,18.87137377664638
0,ZATA,0.9816166527290744,27.83795630341649
0,ZONE,0.9971242006715957,355.67966269159746
0,AALI,0.909884089279108,5048769.099858736
0,ADES,0.9985331635088727,6801.703672623011
0,AGAR,0.9838600487915403,230.39774588039216
0,AISA,0.9988636463325744,473.33895293413434
0,ALTO,0.9943605506659121,114.03877922672476
0,AMMS,0.9875188282988725,13.065947914175892
0,AMRT,0.9988559549925095,648.9447818134017
0,ANDI,0.9958096682739127,71.5883175484054
0,ANJT,0.996828462582598,524.3811792181403
0,ASHA,0.9896063055410907,53.75213513363937
0,AYAM,0.6136837387160744,27.36374685049876
0,BEEF,0.9926620170269255,70.87204789935299
0,BEER,0.9542158085445914,48.78123683429973
0,BISI,0.99914171466902,398.3254063901447
0,BOBA,0.9734050369306585,30.319251718314433
0,BTEK,0.977939916431698,65.59677373386377
0,BUAH,0.9942355005850763,1160.8577676294321
0,BUDI,0.9966919933096894,18.908496377455396
0,BWPT,0.9994002542751793,93.57467168694815
0,CAMP,0.9783178027109486,374.4532393638251
0,CBUT,0.9688921205034715,11451.710565036947
0,CEKA,0.9984955453449136,628.922328008763
0,CLEO,0.9954849347454787,140.15779760133378
0,CMRY,0.9485815561326518,10196.971676600388
0,COCO,0.9963493932355834,356.8442469188142
0,CPIN,0.9980208610218608,9790.451309083386
0,CPRO,0.9986116136112018,12.791697825593134
0,CRAB,0.9508676964737363,36.47759326867337
0,CSRA,0.9870767555765512,275.24190121193993
0,DAYA,0.9864380872129628,151.31196967028077
0,DEWI,0.9933663110337086,68.94488322504482
0,DLTA,0.9994805463851184,3043.223471923037
0,DMND,0.9276147897730862,363.5212674605725
0,DPUM,0.9976239534011894,251.6660198817624
0,DSFI,0.9943390939486201,43.70153439444515
0,DSNG,0.9898301082783957,167.6670043282808
0,ENZO,0.9142040857465819,6.804058769584945
0,EPMT,0.9986493365078627,1325.233286572687
0,EURO,0.9842468999767772,117.20575516572647
0,FAPA,0.9626789198597392,36259.56355240231
0,FISH,0.9976081284594487,10233.55504551285
0,FLMC,0.9952219290544232,71.02000486763787
0,FOOD,0.9699949812909487,46.283616821267195
0,GGRM,-0.43522404046147734,797754612.4292368
0,GOLL,0.9910101385370234,13.15078135163328
0,GOOD,0.9939908906600226,57.62000704071747
0,GRPM,0.9161512037911369,12.69247653310084
0,GULA,0.9652175063270032,309.8613196941652
0,GZCO,0.9988397952484338,8.220458369449625
0,HERO,0.9991181853256489,882.5622312154803
0,HMSP,0.9991176453868367,1605.743524843915
0,HOKI,0.9922636524916564,19.72771165515471
0,IBOS,0.9918776669590029,349.6244282214599
0,ICBP,0.9993168956819553,10770.311023316406
0,IKAN,0.9946023834540546,84.83694968221026
0,INDF,0.9989169419712168,8321.489234245006
0,IPPE,0.986372972060901,198.70700898555774
0,ITIC,0.991302427111121,4671.191330627646
0,JARR,0.9527922131702757,276.7436600023582
0,JAWA,0.9973677620762703,36.086099137791074
0,JPFA,0.9983865570166466,745.7524433866114
0,KEJU,0.9767491462482834,788.036798942001
0,KINO,0.9939468312894095,6995.0386144546965
0,KMDS,0.9016835075854344,364.85632567164765
0,KPAS,0.9856681038310461,137.5223309250487
0,LAPD,0.9971360045596492,20.099796390169736
0,LSIP,0.9982593061153705,793.6412115328129
0,MAGP,0.9990533876750747,0.5314420075934382
0,MAIN,0.9994920506457337,335.8613265550272
0,MAXI,0.9522345157239697,1.8423226236478567
0,MBTO,0.9982550198803253,28.2127910614028
0,MGRO,0.9858688448489608,237.95197885459743
0,MIDI,0.9972795050445887,31.694202027142598
0,MKTR,0.9411311510071345,74.46242469140896
0,MLBI,0.9983671565065869,52473.421661098466
0,MLPL,0.9981539416406581,74.19691062292775
0,MPPA,0.9986037120154858,915.8095748799363
0,MRAT,0.9961825286836992,84.1868913454167
0,MSJA,0.7471186608720493,196.82647014476257
0,MYOR,0.999218846265726,794.5076662686802
0,NANO,0.9885212546751376,5.946059638108123
0,NASI,0.986541746367955,164.07604742334252
0,NAYZ,0.991453706658174,15.033722566857083
0,NSSS,0.936919852428678,34.115161330369084
0,OILS,0.9747205117197132,123.55584823289578
0,PCAR,0.9981935043748372,3534.0663073055325
0,PGUN,0.9853366734272703,640.6020188523731
0,PMMP,0.9686858522987636,188.60928194002616
0,PNGO,0.9755936458192188,1632.381439205711
0,PSDN,0.9881031305055267,63.432689706740284
0,PSGO,0.9668491041233764,40.853480924045165
0,PTPS,0.9580274303111701,258.223118582498
0,RANC,0.9970049498680963,521.9822179837067
0,ROTI,0.9944531277891828,442.3467140097577
0,SDPC,0.9781823871299378,24.32331786673308
0,SGRO,0.9946282944485534,1792.4831195545046
0,SIMP,0.998678508789782,117.75833030719468
0,SIPD,0.9933267320377202,990.0137986234477
0,SKBM,0.991291449735074,479.88999597700507
0,SKLT,0.9938489599721945,39.288734722807426
0,SMAR,0.9980910467838179,9483.810612002018
0,SOUL,0.9675170648286904,3.4265265502404225
0,SSMS,0.9918228731136358,976.3682562644622
0,STAA,0.9788127335605371,501.0703555834222
0,STRK,0.9760179257941617,252.96684601194517
0,STTP,0.9981811167389266,16970.94057717758
0,TAPG,0.9386160948729723,283.35247440878203
0,TAYS,0.9880336090023433,303.78292145679285
0,TBLA,0.9981844018140827,173.211773991566
0,TCID,0.9991146257094246,5986.733537566014
0,TGKA,0.9988289593129372,7592.870892926848
0,TGUK,0.7943608168211799,65.6731509600221
0,TLDN,0.9854173751994529,79.77653335080089
0,TRGU,0.9556961484058809,112.57604959521724
0,UCID,0.9884726145512231,675.8189855196156
0,UDNG,0.9427856037735184,22.385325679412613
0,ULTJ,0.9988991209311382,382.6920364503942
0,UNSP,0.9783760730696722,520989.27295066114
0,UNVR,0.9990302019180242,9267.783792305216
0,VICI,0.992128032699179,82.82215940557768
0,WAPO,0.9752828349247072,144.8123537354765
0,WICO,0.9909988801338592,132.08667198549762
0,WIIM,0.9967034825906319,873.9243657103153
0,WINE,0.9092075768345756,949.9023767105597
0,WMPP,0.994035360613104,12.121864479384328
0,WMUU,0.9962865609768486,12.647471556520198
0,ABMM,0.9924621785567921,5236.038651254828
0,ADMR,0.9777227235199851,3947.9450085110498
0,ADRO,0.997442057006464,1331.649800117786
0,AIMS,0.9888717832327828,193.36797883270125
0,AKRA,0.9983285122581618,354.0097016806139
0,ALII,0.8990399693396145,1794.3698041639052
0,APEX,0.9981231271075716,2325.229629795357
0,ARII,0.9957338635376675,603.517506059807
0,ARTI,0.996763640622016,167.30951645245983
0,ATLA,0.7118572365592726,1220.445963119008
0,BBRM,0.9942970862665166,26.78043756024008
0,BESS,0.9945990079564897,779.0239055191832
0,BIPI,0.9982412102251135,4.316420949899575
0,BOSS,0.9986675847260292,1012.4474776657803
0,BSML,0.9893404713591795,1504.588118253605
0,BSSR,0.995280879699568,4508.034311289582
0,BULL,0.9992520662952716,25.89822706086276
0,BUMI,0.999190495938764,1744.6206832662833
0,BYAN,0.9954099673552498,121054.92506503692
0,CANI,0.9810841020689453,704.2317817360732
0,CBRE,0.9846456307725724,7.495348024700616
0,CGAS,0.8414372498070213,1684.6937085320064
0,CNKO,0.9982020914915756,11.698636280092611
0,COAL,0.9892749632796908,96.44597365898719
0,CUAN,0.9950825911166349,69135.1093255747
0,DEWA,0.9998410801089093,1.833771808115919
0,DOID,0.9984338684281465,227.95628197440445
0,DSSA,0.07630558305986301,352357393.9081732
0,DWGL,0.9746749112701785,165.01609215382112
0,ELSA,0.9949726502006233,64.67845051521829
0,ENRG,0.9983971893572706,9136.049516556268
0,FIRE,0.9968893340245267,15111.117319152612
0,GEMS,0.9971689944992117,7838.850497475564
0,GTBO,0.9994532862228188,782.7587998789515
0,GTSI,0.9293648375699567,4.307269255159295
0,HILL,0.9314879258146921,13946.15323504071
0,HITS,0.997727994723315,279.37358166266193
0,HRUM,0.9979833565072226,769.5470717064803
0,HUMI,0.9712312396685299,56.14938037826951
0,IATA,0.9964609655914127,5.7720961339440295
0,INDY,0.9977351826688758,2612.1041577250594
0,INPS,0.9954038432422769,9458.14322870738
0,ITMA,0.9944988551748554,652.8092870618785
0,ITMG,-0.1425884869637577,154602667.5612562
0,JSKY,0.9924417670462241,342.77823478134184
0,KKGI,0.9989345092545056,83.96490315283464
0,KOPI,0.9984918521117808,182.13166510110509
0,LEAD,0.9992753572282015,49.83933737904625
0,MAHA,0.8909206668303147,53.536348597678675
0,MBAP,0.9977572797307734,7336.703257597684
0,MBSS,0.9958453230271839,590.657164791142
0,MCOL,0.994424696677912,13320.526758071719
0,MEDC,0.9962303480887973,270.71929208636885
0,MKAP,0.9747666946262343,97.893496576705
0,MTFN,0.9972073512131439,7.433842137902364
0,MYOH,0.9990330370453966,288.19173996472523
0,PGAS,0.998425359706279,3275.096764821105
0,PKPK,0.9953083087259177,154.2637697797073
0,PSSI,0.9970115188393922,108.0838491498243
0,PTBA,0.9981781977341917,2927.2870690751147
0,PTIS,0.9971175636909896,271.32459508612817
0,PTRO,0.997760539803307,3580.104602334752
0,RAJA,0.9968812370825408,253.84820816034363
0,RGAS,0.7865611626146278,45.74099339098089
0,RIGS,0.9981782812453937,137.8749771643102
0,RMKE,0.9863602141563516,643.9372326697927
0,RMKO,0.9757896145306392,137.9069928904816
0,RUIS,0.9936771976866727,54.828926683813094
0,SEMA,0.989395544238126,41.3432689540039
0,SGER,0.9940825994005477,2629.8989455632363
0,SHIP,0.9875843225676324,712.8508483264263
0,SICO,0.9291308758285757,75.50782044172124
0,SMMT,0.9989491958309039,381.6719832017669
0,SMRU,0.997140545792833,73.04475064788863
0,SOCI,0.9966510377160023,60.944664870250875
0,SUGI,0.9990321992312741,17.32632510685378
0,SUNI,0.9740997937028164,138.03073953093175
0,SURE,0.9918223454451914,2901.2607761588615
0,TAMU,0.9969784413030706,94.51513048946016
0,TCPI,0.9869965953489032,51793.099161596656
0,TEBE,0.9965663992813831,564.4712482190326
0,TOBA,0.9942344246138135,335.7759165760219
0,TPMA,0.9943557312046629,195.08593873308737
0,TRAM,0.9997801166952786,59.687780901513186
0,UNIQ,0.9951365156832929,35.51809900423035
0,WINS,0.9980245410825134,120.06487947400188
0,WOWS,0.9752710207756238,61.469167465540984
0,BMHS,0.9939069052668783,333.2023523795599
0,CARE,0.9927176284221484,103.26855748991309
0,DGNS,0.9902881113591483,774.5739572284034
0,DVLA,0.9982491709800696,1093.348503617261
0,HALO,0.985527558005845,51.2449914890551
0,HEAL,0.9961788701715789,481.5143290035441
0,IKPM,0.8967680983278241,173.0322529525686
0,INAF,0.9967455869106356,5736.281453856246
0,IRRA,0.9909485800416583,3121.204965698085
0,KAEF,0.9972797704598451,2879.2875135678387
0,KLBF,0.9987915096204386,515.3550662675531
0,MEDS,0.9832364195616786,104.03142259359797
0,MERK,0.9994593018093152,4473.4234834897015
0,MIKA,0.9750562269967663,3684.8703851152018
0,MMIX,0.990866507543792,225.1536482592834
0,MTMH,0.9879708096333932,1798.9785576725321
0,OMED,0.620316192430568,130.1055442919961
0,PEHA,0.9894860233828162,2640.876456498007
0,PEVE,0.9181595471225733,26.71124103680358
0,PRAY,0.8098017434797986,300.3328425952382
0,PRDA,0.9931369524171184,17745.37335702002
0,PRIM,0.9966054186195693,316.1933286459907
0,PYFA,0.9968732106485835,298.70944191249646
0,RSCH,0.9349544163335877,89.95509152690471
0,RSGK,0.9683355336590219,1408.264176820169
0,SAME,0.9920471180569774,74.68214734813705
0,SCPI,-0.21502966906770582,106670034.20003437
0,SIDO,0.9977407820165755,115.18741636960092
0,SILO,0.9956956342561224,1054.2076683225594
0,SOHO,0.9559093636379392,350.40151156458745
0,SRAJ,0.995057410830238,198.4891182473933
0,SURI,0.9196000270981625,1747.9930130569094
0,TSPC,0.9984611866316686,1070.2966550157173
0,AMFG,0.9984271837800323,7359.154377971358
0,AMIN,0.9886948011327606,140.3179910572352
0,APII,0.9840294931295116,66.02511577098844
0,ARKA,0.997928476625354,827.126806896094
0,ARNA,0.9988332801492444,127.26037898155309
0,ASGR,0.9987255937740888,428.86359438654034
0,ASII,0.9991142931541543,7386.186523772389
0,BHIT,0.9991050239264868,12.949416919465687
0,BINO,0.9418140688404462,4.535873481774213
0,BLUE,0.9930675197251171,183.65949432178695
0,BNBR,0.979667926762619,25913.311704545667
0,CAKK,0.9828512700322056,54.47196023192756
0,CCSI,0.9938791307102568,284.1068261651799
0,CRSN,0.7423440568336355,15.487492476420478
0,CTTH,0.9882260164186872,9.67628710344724
0,DYAN,0.99683239807747,14.900809395638289
0,FOLK,0.7922573461364304,13.219436491568954
0,GPSO,0.9100035376302282,72.65344392174076
0,HEXA,0.9992914816140557,3984.5102553461634
0,HOPE,0.9866792765293558,29.391460385423805
0,HYGN,0.7613569020421621,48.14149833957762
0,IBFN,0.997198201042019,558.3998885919506
0,ICON,0.998739077833183,65.68535838923947
0,IKAI,0.9987271827910192,38.57547916138444
0,IKBI,0.9929912127989521,85.00522261471136
0,IMPC,0.9987776978966826,13.684296699477558
0,INDX,0.9973651537799603,13410.54372798236
0,INTA,0.999034649800897,29.831094354580284
0,JECC,0.9979115041075909,11346.180146863306
0,JTPE,0.9935090479194895,61.275493732664216
0,KBLI,0.9970516469793668,66.16413798723812
0,KBLM,0.9905512009150544,63.25058305665349
0,KIAS,0.9980573010749691,8.852913175179156
0,KING,0.9764144308885631,95.48918835138166
0,KOBX,0.9949489158366432,79.45086800501655
0,KOIN,0.9920245068342561,85.26263469856673
0,KONI,0.9934323912683944,2067.026831365379
0,KPAL,0.9890300851818346,316.0593455788016
0,KRAH,0.9988753465517212,1211.969936733111
0,KUAS,0.9940156004907024,8.359504297567357
0,LABA,0.9925211367881631,112.25355547086488
0,LION,0.9979093316505475,275.3139752126054
0,MARK,0.9940138876811456,497.16661572282504
0,MDRN,0.99941782465875,35.349044865317445
0,MFMI,0.9879477887106919,727.1526158510892
0,MHKI,0.4507421750699506,3650.4473274216034
0,MLIA,0.998180220699962,32.899968876212014
0,MUTU,0.944626317343009,52.192745707572804
0,NTBK,0.9434453558563898,6.193412627064862
0,PADA,0.9837513537366033,45.806452837080094
0,PIPA,0.9857444837869387,7.1064714119412775
0,PTMP,0.9560151434311495,117.84914772249164
0,SCCO,0.9991667534332296,10744.155800822247
0,SINI,0.9897286831250762,2982.2293311332005
0,SKRN,0.9929204745975128,240.24381629113975
0,SMIL,0.846190884955032,45.428552880951166
0,SOSS,0.9320583931497252,976.7185213278344
0,SPTO,0.9954581580924069,205.04395914889696
0,TIRA,0.9908201713718029,66.03398361956988
0,TOTO,0.999088918883879,28.371630357480417
0,TRIL,0.9973271857993735,123.54765151145723
0,UNTR,0.7334149875674576,30273363.665166978
0,VISI,0.9771070027045156,124.5790109359124
0,VOKS,0.9962939928840865,29.899683934078663
0,WIDI,0.9864262183478634,49.423427156366856
0,ZBRA,0.9982796297127849,72.35103492500653
0,ACST,0.9984783143724484,791.8409896919778
0,ADHI,0.9980756538485893,987.8391263141081
0,ARKO,0.9698243617843983,678.485609525389
0,ASLI,0.814670478870689,1.0380463661281278
0,BALI,0.9916594786061316,1141.3507840947136
0,BDKR,0.9895784022254063,138.57434567414768
0,BREN,0.9652867562528552,111511.25644486681
0,BTEL,0.9994474102279466,6.144077717467329
0,BUKK,0.9898880757508433,1569.5316484311043
0,CASS,0.9910423319051418,710.0245521783695
0,CENT,0.994152212371357,28.639309138741183
0,CMNP,0.9968587809971108,1034.734210660667
0,DATA,0.545505259157598,1489.4070919491746
0,DGIK,0.9953398587370093,9.84410026539478
0,EXCL,0.9971866248027734,5144.833090510493
0,FIMP,0.9585123215033088,6.670264375028717
0,FREN,0.9989935096553109,2347.1512272925625
0,GHON,0.9702157910225918,4488.250888854392
0,GMFI,0.9968051410079772,30.889098573715902
0,GOLD,0.9764739604831061,133.00048980363715
0,HADE,0.9617859370653234,42.172078361898485
0,IBST,0.9940918371280908,32645.944058043842
0,IDPR,0.9973126885095192,657.8893303388113
0,INET,0.9901677493387546,47.638480028416026
0,IPCC,0.9953685936248912,631.0931220319324
0,IPCM,0.9859107191184855,80.55171748483859
0,ISAT,0.9950449095164913,14319.167349767915
0,JAST,0.998158776419639,517.6161637334579
0,JKON,0.9970509121160914,177.74585955183784
0,JSMR,0.9970432054898162,7116.882112586523
0,KARW,0.9985046711021622,46.1301687538687
0,KBLV,0.9987239639019204,659.5036507285405
0,KEEN,0.9896655682804801,328.2984129257324
0,KETR,0.9163383276359739,81.65653963529552
0,KOKA,0.8815055731438304,34.72586075378662
0,KRYA,0.9882587591482319,245.10807088609894
0,LCKM,0.9362800311657832,122.63440798443516
0,LINK,0.9950882116504683,8569.904740301505
0,MANG,0.9613398057536255,62.664634228158675
0,META,0.9954348304224819,20.826182631059464
0,MORA,0.9267021471325355,176.18994629172593
0,MPOW,0.992563643570703,51.59639250207131
0,MTEL,0.9605372012213484,122.41943163801676
0,MTPS,0.9921772576727117,1374.2609787948568
0,MTRA,0.996241794425464,14.950636404419003
0,NRCA,0.9967681119896198,210.39348141232372
0,OASA,0.9868293350040629,24.58952815688847
0,PBSA,0.9952602304595362,169.60953570849165
0,PGEO,0.9767976459125172,1338.110053454226
0,PORT,0.9556101268632904,1116.6474619140818
0,POWR,0.9942235947766586,396.3317603424996
0,PPRE,0.9974745367304831,31.238716434618276
0,PTDU,0.9978781791286886,1362.9912693735816
0,PTPP,0.9982875684472736,2160.3028546458136
0,PTPW,0.9853323878889318,723.6238689043495
0,RONY,0.9973857216479474,211.58480471016114
0,SMKM,0.9968259300758812,229.75810456424946
0,SSIA,0.9983747790665815,196.5168098401847
0,SUPR,0.5049320543507743,79482908.37541965
0,TAMA,0.9814990644033853,80.13425663279176
0,TBIG,0.9972394233042889,1378.1809932437689
0,TGRA,0.9982589572909957,157.60978787936457
0,TLKM,0.9980541507935021,2471.6107871959543
0,TOPS,0.9986616079391817,142.27785651356737
0,TOTL,0.9974952370710052,171.75933729255698
0,TOWR,0.9973976470986943,250.21274988877374
0,WEGE,0.9942923409896022,34.116574190790324
0,WIKA,0.9979534849946661,1506.5972433085915
0,WSKT,0.9981270602417244,1146.595193525164
0,ADCP,0.980559538871284,2.89698201381792
0,AMAN,0.9927524822741585,287.30534572730187
0,APLN,0.997578481249894,24.27378467485527
0,ARMY,0.9955643640464347,66.441868322244
0,ASPI,0.992950865144116,96.22766108770492
0,ASRI,0.9980704324550616,72.67834712636821
0,ATAP,0.9711395541837903,41.59551414120041
0,BAPA,0.9966406989227482,11.71131476885784
0,BAPI,0.6077871783282127,14.831717499396241
0,BBSS,0.9810033735342156,19.203872814131376
0,BCIP,0.9986727887546046,102.30231850121736
0,BEST,0.997577208096351,99.89146606206445
0,BIKA,0.9981581116731073,417.9474045869542
0,BIPP,0.98364511811835,7.896738955381657
0,BKDP,0.9933322299754956,10.976206936248149
0,BKSL,0.9998805267769622,4.647072873182146
0,BSBK,0.9952984339511904,6.702061535511043
0,BSDE,0.9966854294775048,765.4035648005532
0,CBPE,0.7907475006924864,20.475606610772658
0,CITY,0.9903322266904978,99.80949334021085
0,COWL,0.9991565893579978,83.9101149758066
0,CPRI,0.9771351008938008,2.46822474584292
0,CSIS,0.9863016379190777,2063.774686593435
0,CTRA,0.9978792210650449,431.7801534682396
0,DADA,0.9856112087852992,49.43709451231469
0,DART,0.9993964076029247,39.31560454689828
0,DILD,0.9983379889232515,49.63682938471155
0,DMAS,0.9878290136660454,22.52136839102562
0,DUTI,0.9985768714332409,5974.884463543641
0,ELTY,0.9977667205616559,3454.5973008834717
0,EMDE,0.9933789959663225,17.96408316037669
0,FMII,0.9942588757618726,59.00997452603059
0,FORZ,0.9987167211180289,177.99643605126343
0,GAMA,0.9988047686540613,11.069157575788946
0,GMTD,0.9994435972715934,352.5314130674899
0,GPRA,0.9943397358954718,27.007471337316243
0,GRIA,0.8411564246395342,45.362962708475905
0,HBAT,0.9179473639130792,6.859993558234537
0,HOMI,0.9937031242733589,465.7341657122867
0,INDO,0.941354464651605,50.280534041270045
0,INPP,0.9904755006488118,562.4681420090249
0,IPAC,0.9739441260244447,32.50817793376914
0,JRPT,0.9983878850343417,132.28094496075306
0,KBAG,0.9961456209391901,25.78780585440421
0,KIJA,0.9973534457022877,16.830304408321442
0,KOCI,0.6936004106636591,7.980672977474886
0,LAND,0.9959981588769481,1001.0652230674709
0,LCGP,0.9981870036685061,38.43767973999502
0,LPCK,0.9990155163427399,6933.3206187869955
0,LPKR,0.9985628651931238,112.0752879203886
0,LPLI,0.9965430047507001,414.781690102727
0,MDLN,0.9988151677833812,26.239152596310603
0,MKPI,0.6805704612265141,30375780.911595963
0,MMLP,0.9933983371442909,208.52572207598058
0,MPRO,0.9851178491360014,8343.727636679752
0,MSIE,0.9758054192759696,3.3699594579899386
0,MTLA,0.988257509188904,79.80174120068396
0,MTSM,0.9969454126118392,104.49225602021095
0,MYRX,0.9475797355999909,84.46360777875609
0,NASA,0.9986748446475878,80.29032105243209
0,NIRO,0.9954718350136217,16.675609119310778
0,NZIA,0.9892484872052175,454.45068119753523
0,OMRE,0.9970495220114546,347.6141251882199
0,PAMG,0.9478483312363797,236.8213205675861
0,PANI,0.9977627769509486,5408.552835051485
0,PLIN,0.994452512760492,5776.797699022323
0,POLI,0.9514323678688709,3292.3044576336006
0,POLL,0.9961851161400225,35264.389364872055
0,POSA,0.9591732537346523,184.20013245961857
0,PPRO,0.9983816713940189,9.827173137452556
0,PUDP,0.9910953237642934,167.23396344653395
0,PURI,0.947063471877413,375.3912528739979
0,PWON,0.9980235985723964,87.3749975445356
0,RBMS,0.9858088324212391,13.617999272628534
0,RDTX,0.9983071749162534,19278.287455757414
0,REAL,0.9777389289691373,93.37142625140436
0,RELF,0.9859049243473552,36.36841972188703
0,RIMO,0.9967210530690629,8.990466192596005
0,RISE,0.996832490950559,169.5426811355247
0,ROCK,0.9795907323401218,1275.1876191064584
0,RODA,0.9960203150219495,102.43504781709754
0,SAGE,0.9919361614181804,26.72240481890582
0,SATU,0.9788774451433059,20.443038141317672
0,SMDM,0.9884412397550177,37.6018127513621
0,SMRA,0.9981405560575587,403.5127164796865
0,TARA,0.9988848582875136,115.47255234040018
0,TRIN,0.9824888255562175,156.36502491426089
0,TRUE,0.988230326383948,293.2106357677104
0,UANG,0.9742641644357767,1509.1885308213443
0,URBN,0.9981764496747529,1249.2304320443363
0,VAST,0.9486955086859532,10.03810618797464
0,WINR,0.979396283542781,8.127087356201354
0,AREA,0.37176741043736183,101.61687265479254
0,ATIC,0.9743884617132048,1072.1565664316115
0,AWAN,0.9044351070146766,166.38826160023632
0,AXIO,0.9745691861550955,54.4565837615152
0,BELI,0.7759174988331228,27.217518535912493
0,BUKA,0.9974978101926387,80.8110078348203
0,CASH,0.9949612811160826,127.56390343193739
0,CHIP,0.9828584854049964,5459.154223594823
0,CYBR,0.956945968369384,95.99017264335689
0,DCII,-2.3477669321952814,435168868.64681953
0,DIVA,0.9962488878507904,1284.4821035667944
0,DMMX,0.9976333440967461,1871.5954445983143
0,EDGE,0.9275720455599804,67701.9840514904
0,ELIT,0.9815926668867897,54.21469664449616
0,EMTK,0.9970107566902839,969.089485505176
0,ENVY,0.9937705175990776,1531.1966453482162
0,GLVA,0.9861108879666525,515.597093724978
0,GOTO,0.9962347896730527,30.234887864912636
0,HDIT,0.9925663669594531,451.06435782127477
0,IOTF,0.9263367504224608,142.43167412657675
0,IRSX,0.9850745707613313,27.555027536785502
0,JATI,0.9894205218160035,20.11050648731083
0,KIOS,0.9977728406260943,1398.772867981861
0,KREN,0.9979613995748622,87.39594801109921
0,LMAS,0.9982665810880957,146.16238306463953
0,LUCK,0.9954362277024498,825.2993115568906
0,MCAS,0.9972020951759616,38071.06815635191
0,MENN,0.9589106467192874,46.31199589492829
0,MLPT,0.9945845848733195,4163.663426857482
0,MPIX,0.805434189465279,403.58820617526726
0,MSTI,0.7255359919816242,1489.1383070046866
0,MTDL,0.9989184805900478,38.21381572320664
0,NFCX,0.9957597768803127,38808.86756146537
0,NINE,0.7291313352317678,60.45284660208483
0,PGJO,0.9673745508346508,9.70314935502933
0,PTSN,0.9943587345859847,78.39089744614175
0,RUNS,0.9916996826452381,110.55141299458028
0,SKYB,0.9985736525075792,62.38354665964324
0,TECH,0.9949848165053613,37657.307663352905
0,TFAS,0.9945408693444833,21088.019938820962
0,TOSK,0.8556963229672947,35.782380201371446
0,TRON,0.8805319916247387,195.22310118068995
0,UVCR,0.9937399616189382,138.43385019087333
0,WGSH,0.9791614212524774,34.55267799668396
0,WIFI,0.9957339509134715,367.71015364630523
0,WIRG,0.9955218157502949,233.4307647736606
0,ZYRX,0.9911256510673762,254.4726726073903
0,AKSI,0.9870791241378759,473.51800497785626
0,ASSA,0.9975893099740549,1476.2252477004308
0,BIRD,0.9981539462501741,9359.90499938136
0,BLTA,0.9988254998865258,184.12908171709947
0,BPTR,0.9834774938325477,46.48660060851832
0,CMPP,0.9895132533232565,162.51311987693163
0,DEAL,0.9965605150919659,668.152500030236
0,ELPI,0.9503304348463076,50.06953165625995
0,GIAA,0.9970892272853833,64.64400565737891
0,GTRA,0.9619640214971548,194.36382485417565
0,HAIS,0.9392982666593355,74.09140125869594
0,HATM,0.9665566248941836,142.8586005410376
0,HELI,0.9861409572961022,174.97426229811379
0,IMJS,0.9913163191356407,211.44578401396208
0,JAYA,0.9663905005052461,74.15120620358631
0,KJEN,0.9969039963973101,1259.1797430649412
0,KLAS,0.8906343584804103,33.70844302861592
0,LAJU,0.9889148922412553,106.43022563901455
0,LOPI,0.9384735002270794,7.537106090932369
0,LRNA,0.9645442131062065,53.42038140583689
0,MIRA,0.999702720258809,9.523764031808641
0,MITI,0.9929103245048753,865.5109598588685
0,MPXL,0.9154349494752286,144.59108369099678
0,NELY,0.9952270543936421,60.163290973578725
0,PPGL,0.9897799551831917,23.399897955314657
0,PURA,0.9790313646258108,26.537851229114448
0,RCCC,0.8989738483066886,42.29781547051633
0,SAFE,0.9905348397675587,62.57034513279139
0,SAPX,0.9924600030732827,1503.784310233051
0,SDMU,0.9982680151478682,43.33084376698239
0,SMDR,0.9981748973764789,21.845693892485357
0,TAXI,0.998720944816777,331.0120350306926
0,TMAS,0.9851997530967306,69.21841830824638
0,TNCA,0.9893385817921366,1512.6266788411356
0,TRJA,0.9816928570867504,147.6159374244072
0,TRUK,0.9801552397793771,146.60180652952624
0,WEHA,0.9954424508768943,30.14740185847413
