,Company,Test R2,Test MSE,Sector,Highest Difference,Highest Difference Percentage,Average Difference,Average Difference Percentage,Model,Evaluation
0,ABDA,0.9995217533893983,4568.980641873772,Financials,1354.5787936491652,28.878857962882847,0.649810299183216,0.04190681510050474,Random Forest,Intra-Sector
0,ADMF,0.9995701301291157,4750.392313632701,Financials,1254.7678437353388,18.988881529819448,0.24823607454841387,-0.006069631686119707,Random Forest,Intra-Sector
0,AGRO,0.9975760384649625,358.42583779867454,Financials,245.1653278165645,25.92589104047854,-1.0770529185926903,-0.21559809592950965,Random Forest,Intra-Sector
0,AGRS,0.9867884496702135,93.10527609955192,Financials,130.3391918945215,25.304451411326767,-0.5060387232133077,-0.41136995884079014,Random Forest,Intra-Sector
0,AHAP,0.983953580552068,7.5121294133550425,Financials,30.893609652459745,27.20117861174468,-0.10134055134081682,-0.22296648548059914,Random Forest,Intra-Sector
0,AMAG,0.9965445996749598,46.0634424967024,Financials,75.74603599062505,29.316694855813306,0.08807096267278434,-0.028643229240389666,Random Forest,Intra-Sector
0,AMAR,0.938056489433265,322.5417452717022,Financials,167.32347613703587,24.04437397059243,-0.49146886280584523,-0.33352343552764147,Random Forest,Intra-Sector
0,AMOR,0.9904616984370038,1098.1926715090674,Financials,174.21049358758205,13.66356812451624,-1.562205407174921,-0.11014603951584712,Random Forest,Intra-Sector
0,APIC,0.9988085622681222,174.10856152377642,Financials,189.96530626282447,32.619735908293464,0.08540456262530607,-0.14632074636997552,Random Forest,Intra-Sector
0,ARTO,0.9986339187654285,34157.06211846899,Financials,1399.8278743052606,30.48051484263805,-0.6229280144397823,-0.25046402625339503,Random Forest,Intra-Sector
0,ASBI,0.9944131496792942,105.27511380645167,Financials,128.4850384408204,25.398765449768764,0.17833529284354477,-0.010797863646927199,Random Forest,Intra-Sector
0,ASDM,0.9990182116952022,32.65864451656928,Financials,119.26769382281998,24.026461416071307,0.12305553370766996,0.009399452577011035,Random Forest,Intra-Sector
0,ASJT,0.9837550228043649,148.08925390189648,Financials,175.73827900042613,82.7988078491698,0.010504435061458034,-1.062202751973252,Random Forest,Intra-Sector
0,ASMI,0.99887799694739,159.3204911347044,Financials,169.78010919893518,31.510608382335388,0.217539107942943,-0.509286186438092,Random Forest,Intra-Sector
0,ASRM,0.9990981926160701,209.72039535488403,Financials,344.82414817533254,20.848316477779072,0.5128384372718128,0.03870268794357755,Random Forest,Intra-Sector
0,BABP,0.9949563680855004,7.456536570223319,Financials,36.08949686326365,34.085552576303776,-0.20005165020230367,-0.20628135683351517,Random Forest,Intra-Sector
0,BACA,0.9946548382251391,59.875402825604226,Financials,165.34973551511155,25.052990229562354,-0.12966335336408466,-0.11758403148529929,Random Forest,Intra-Sector
0,BANK,0.989731088386763,4390.759622111375,Financials,290.7687197615073,18.272806827916284,-3.567449940261743,-0.2198922898795971,Random Forest,Intra-Sector
0,BBCA,0.999539943777008,3533.0539189672663,Financials,627.7188150181191,11.986167686191243,-1.2613721349683344,-0.023442867497505907,Random Forest,Intra-Sector
0,BBHI,0.9972879211286952,5639.035206946462,Financials,1103.4303272418801,30.26582846562128,-2.524745203363464,-1.038376817113118,Random Forest,Intra-Sector
0,BBKP,0.9980353812287488,38.99849071403998,Financials,70.86682986330979,26.060484328907595,-0.1310843137885549,-0.17311881481425598,Random Forest,Intra-Sector
0,BBLD,0.9975277236178884,296.97797631943934,Financials,520.2435519137251,35.878865649222426,0.630772775187674,-1.7291781272993128,Random Forest,Intra-Sector
0,BBMD,0.9913928336181933,759.1138081416344,Financials,520.893143581311,19.717445415714245,-0.203056559420224,-0.014624955774565697,Random Forest,Intra-Sector
0,BBNI,0.9988078114869208,2415.7375237342126,Financials,344.0073089741013,16.34269150509791,-3.0843987648584377,-0.0735395554069343,Random Forest,Intra-Sector
0,BBRI,0.9992958634534473,1737.581947500139,Financials,220.17738599542508,11.195492335753208,-3.7536203633957075,-0.1113968170555203,Random Forest,Intra-Sector
0,BBSI,0.990357766815324,18029.97856124578,Financials,983.7439130275452,20.22817657148261,4.244361572164044,0.19307002436228748,Random Forest,Intra-Sector
0,BBTN,0.9965345032493128,1012.1901694683086,Financials,232.980359547043,12.126897533648108,-2.1552476576345603,-0.17352591220654964,Random Forest,Intra-Sector
0,BBYB,0.9957042171494367,947.5002134078275,Financials,523.601284399067,22.48433987343546,-1.4335362116002341,-0.31049343246796135,Random Forest,Intra-Sector
0,BCAP,0.9976103025849776,13.773373221335117,Financials,50.59999489169002,33.60592675170834,-0.15438246178162848,-0.398936352815181,Random Forest,Intra-Sector
0,BCIC,0.998058947208919,123.30633313961687,Financials,146.18176953423801,24.62350643436414,-1.2470548456826203,-0.5183182467617847,Random Forest,Intra-Sector
0,BDMN,0.9967607414458948,8865.598672266087,Financials,715.2060607154917,16.7481344941468,-8.290421740532546,-0.18342876189990642,Random Forest,Intra-Sector
0,BEKS,0.9966741100968101,2.9562352660528743,Financials,42.96690246851816,31.166698665101684,0.006744344715800757,0.005608887187075245,Random Forest,Intra-Sector
0,BFIN,0.9986717076225424,184.0891475503737,Financials,170.7239538106337,23.15241637181963,-1.1717648031584733,-6.7103353349549115,Random Forest,Intra-Sector
0,BGTG,0.988425411163047,22.84152835607724,Financials,29.850982139125648,25.445952565319175,-0.7606212787718193,-0.700255421603402,Random Forest,Intra-Sector
0,BHAT,0.9970642744156899,129.57059618193279,Financials,72.8119223591533,13.393215905055206,0.5815447430064549,0.10437759440725815,Random Forest,Intra-Sector
0,BINA,0.9985442776750367,3585.323629314626,Financials,668.5016234494601,21.337819376703774,1.73141198751306,0.12926218938709855,Random Forest,Intra-Sector
0,BJBR,0.994377747445578,1304.0098600749566,Financials,584.110126933911,19.85497272224773,-1.1603045194765054,-0.06749563590095772,Random Forest,Intra-Sector
0,BJTM,0.993288511600439,113.17690379283769,Financials,88.11562288576658,14.098499661722652,-1.3563064440953323,-0.2159552083194216,Random Forest,Intra-Sector
0,BKSW,0.9950910608630193,52.34746026974717,Financials,85.00733886319279,32.90358280286371,-0.08677701487687743,-0.040376467648933954,Random Forest,Intra-Sector
0,BMAS,0.9950671823413271,247.25991347136522,Financials,202.93101035196185,25.14990491907604,0.029248483739105508,0.02898759811787356,Random Forest,Intra-Sector
0,BMRI,0.9990708512838596,2193.8684818694005,Financials,304.849237826018,14.811640161647233,-0.5755370977934707,0.03752842434450517,Random Forest,Intra-Sector
0,BNBA,0.9958790634393413,1025.0612127584645,Financials,608.0922499303065,33.175113568870366,-0.02478512575596236,0.019088002938586982,Random Forest,Intra-Sector
0,BNGA,0.9977664521065231,322.06123625290684,Financials,163.84264594719298,19.505076898475355,0.6986992568655026,0.1050190806489657,Random Forest,Intra-Sector
0,BNII,0.9966129259904388,39.84956335318948,Financials,79.10127418893308,25.04467650430808,-0.2143413522543853,-0.1009712094004769,Random Forest,Intra-Sector
0,BNLI,0.9960842523758191,613.0132955033664,Financials,452.6198459975724,19.9163705673155,-0.24966407038505012,-0.05635983229929478,Random Forest,Intra-Sector
0,BPFI,0.9972115099308752,152.57525395483466,Financials,141.00319052907162,26.046502467111303,0.1905287815713511,-0.04556899384777802,Random Forest,Intra-Sector
0,BPII,0.9995281871848307,10.913291960694483,Financials,74.73305045655763,24.895843529258492,0.2071558648202174,0.02589627324329301,Random Forest,Intra-Sector
0,BRIS,0.9964534132388194,1990.6791244621832,Financials,256.93105972424064,18.17628551945674,-4.862208989974957,-0.34072182880932134,Random Forest,Intra-Sector
0,BSIM,0.9933667714178187,375.91031497313605,Financials,208.84264594719298,23.688236934315622,0.9192392305846784,0.11246487783965634,Random Forest,Intra-Sector
0,BSWD,0.9984126187259923,774.7360627639206,Financials,555.0899690464475,31.29727443676542,0.6214117129011721,0.07382851539090678,Random Forest,Intra-Sector
0,BTPN,0.9982471312176515,2511.2057065692643,Financials,661.4613334866931,33.54311086001673,-3.2492728936927717,-0.05898163368089728,Random Forest,Intra-Sector
0,BTPS,0.9893211872026854,7904.362953301692,Financials,509.9240115145094,19.506681984432237,-10.150675549852853,-0.3985924706460301,Random Forest,Intra-Sector
0,BVIC,0.9941397758713011,16.425912002641592,Financials,63.2250285290217,52.66839242833966,-0.05261677256794432,0.0678044976297336,Random Forest,Intra-Sector
0,CASA,0.9963094367101458,126.85348643936528,Financials,102.99093780495718,26.938571059908924,1.2441584287559178,0.2891989863006785,Random Forest,Intra-Sector
0,CFIN,0.9951898172434952,56.29360290083236,Financials,117.24937576849868,18.369554084668916,-0.16373022459759023,-0.07307185456003208,Random Forest,Intra-Sector
0,DEFI,0.9991728446386272,360.6858857958784,Financials,293.872417412535,31.442613284677495,-0.7445499876739045,-2.021446642452738,Random Forest,Intra-Sector
0,DNAR,0.972423190729783,118.85239196737561,Financials,89.07610880420296,37.058619408847,-0.17378578689274501,-0.09105028155379191,Random Forest,Intra-Sector
0,DNET,0.9994119341537727,1265.9014686892147,Financials,620.9004065246163,42.223615345290376,3.795163750818166,-0.05221836320856858,Random Forest,Intra-Sector
0,FUJI,0.993692033124881,274.6012108560505,Financials,145.15986514548877,23.36118268715896,0.07438425051849051,0.1095098776325911,Random Forest,Intra-Sector
0,GSMF,0.9874174505512608,15.648285712814747,Financials,61.87820587845667,45.002316492648056,-0.13738873815943523,-0.8497465870482428,Random Forest,Intra-Sector
0,HDFA,0.9548153663563165,91.16476523697432,Financials,66.30196368570502,34.66982891061473,-0.5459579497217398,-0.3971313320707731,Random Forest,Intra-Sector
0,INPC,0.9954221227629013,123.54002841651065,Financials,209.2107490126084,50.113131813980175,0.2751510734395286,-0.14948790555653452,Random Forest,Intra-Sector
0,JMAS,0.9939161151976095,766.1653923076065,Financials,230.08714956259269,26.697331678383087,2.087191782653514,-0.08655252495566892,Random Forest,Intra-Sector
0,LIFE,0.9587437942072774,14670.352590113594,Financials,955.970190206971,15.932836503449515,6.7647943600995815,0.08985043475870472,Random Forest,Intra-Sector
0,LPGI,0.9990338888668483,2148.4875099689443,Financials,980.2146501927691,34.633079713661616,1.23093722920061,0.049183506605233594,Random Forest,Intra-Sector
0,LPPS,0.9918941441177721,25.03615505423814,Financials,84.77632461723829,33.38104814712949,-0.0313912198403861,-0.07241013360884793,Random Forest,Intra-Sector
0,MASB,0.6622864336654107,3158.579528380967,Financials,719.9837672758872,17.142470649425885,7.943388675553985,0.2180472928080908,Random Forest,Intra-Sector
0,MAYA,0.9980279163973842,989.4771569058948,Financials,440.8882162398704,27.697618423730802,2.7422635062879084,0.06481964460650523,Random Forest,Intra-Sector
0,MCOR,0.9934428689999382,16.41869137123128,Financials,53.46191837328544,28.168197314300276,-0.36963011179429656,-0.28936011463534966,Random Forest,Intra-Sector
0,MEGA,0.998242216537278,5179.120838580366,Financials,1104.6557178388575,23.181482909473825,3.170034447720816,0.17522007912320753,Random Forest,Intra-Sector
0,MFIN,0.9991475951653573,388.1442054792342,Financials,185.30363323423262,22.68773179894303,1.728058169515915,0.16701300438593542,Random Forest,Intra-Sector
0,MREI,0.9960376736406772,18728.772361538682,Financials,1718.9151486448627,25.278163950659742,4.427208585148459,-0.007381153841115908,Random Forest,Intra-Sector
0,MTWI,0.9471423233213505,131.351081758182,Financials,106.15512984395673,39.820748386961284,-0.11232319478719903,-0.03638859010767166,Random Forest,Intra-Sector
0,NICK,0.9863290108950283,273.174972144835,Financials,144.2901324600291,24.879659085461146,-0.16601555091678658,-0.10555659455027755,Random Forest,Intra-Sector
0,NISP,0.9975854305934141,160.3225726873501,Financials,164.91479545986215,22.39585499677339,0.009282853483970238,0.012868630918006649,Random Forest,Intra-Sector
0,NOBU,0.9777091581871796,686.7583325402799,Financials,272.8634619032505,23.837080860549644,-0.005384999314235549,-0.10233853292475603,Random Forest,Intra-Sector
0,OCAP,0.9983458297563335,119.63779969597246,Financials,324.09336034325725,49.212651465431534,0.27788407852960373,0.004794185571383729,Random Forest,Intra-Sector
0,PADI,0.9963624203416882,291.3291904062987,Financials,227.38872497487546,24.94677290849149,-0.9929446831633149,-10.771199758173546,Random Forest,Intra-Sector
0,PALM,0.9895044876599256,283.4251049211354,Financials,169.95635586796345,20.265736777380976,-0.3894503790861552,-0.16377048092470442,Random Forest,Intra-Sector
0,PANS,0.9991500570160008,1810.7299758288527,Financials,687.8275008389364,28.962854441583346,-1.8956960131504785,-0.14571178463094767,Random Forest,Intra-Sector
0,PEGE,0.9972077246722214,177.85351298029715,Financials,279.96342432112647,26.43267214583318,-0.47756318622037863,-0.026859226305682448,Random Forest,Intra-Sector
0,PLAS,0.999324960808086,204.0274045968998,Financials,264.6891163045558,25.823328419956663,-0.3317328369663479,-0.2469195925389484,Random Forest,Intra-Sector
0,PNBN,0.995849853757452,557.7837276054801,Financials,344.50854368606633,17.99000228125673,-0.5638195079423002,-0.08257548657666514,Random Forest,Intra-Sector
0,PNBS,0.9982082287140615,7.394709201533717,Financials,27.839607814184404,24.94677290849149,-0.41525943447703967,-0.5302324959747915,Random Forest,Intra-Sector
0,PNIN,0.996859707428668,341.81164348059,Financials,256.30136868012823,24.195119459360985,-1.1166121640380728,-0.13697887601017678,Random Forest,Intra-Sector
0,PNLF,0.9940573836764524,32.30613410561686,Financials,68.98833877503102,22.883118707639255,-0.317031919355465,-0.13085083541785938,Random Forest,Intra-Sector
0,POLA,0.9958668088298376,990.0709901206113,Financials,352.20032660369407,30.537933417972635,-0.8667383880443843,-1.937743569046419,Random Forest,Intra-Sector
0,POOL,0.998690847261466,2087.9092140062953,Financials,565.2060607154917,19.843019681776543,-1.9351495923778255,-0.6149742711729442,Random Forest,Intra-Sector
0,RELI,0.9862163539592017,197.76799224327843,Financials,154.2901324600291,34.554760718193,0.3310098261401808,-0.019782779412265337,Random Forest,Intra-Sector
0,SDRA,0.9969030548923437,358.6671863694093,Financials,244.4001708745791,25.877832029953655,1.1319618632785071,0.09049284997991765,Random Forest,Intra-Sector
0,SFAN,0.9971659678958709,444.19541709278457,Financials,174.4143722889645,19.809767050599845,1.1106384168972288,0.1351351165596067,Random Forest,Intra-Sector
0,SMMA,0.9990935549977222,18524.677605638513,Financials,2866.479902754625,24.593826374991117,2.5829161831932232,-0.14744968904440345,Random Forest,Intra-Sector
0,SRTG,0.9967019470960788,1498.9902259738271,Financials,437.1994109588718,20.087412378515534,-0.11256506652882833,0.05799604489076928,Random Forest,Intra-Sector
0,STAR,0.9912410360833244,14.682604666530604,Financials,31.99348225587279,26.031457052922217,-0.5072154290482151,-0.5514304481321526,Random Forest,Intra-Sector
0,TIFA,0.996664000276296,127.2487072834602,Financials,168.82167635804603,27.93275890239968,0.3741819075600134,0.07576185002376275,Random Forest,Intra-Sector
0,TRIM,0.9944462756574729,31.27102795151025,Financials,63.714721680824084,37.53692363022503,0.010050133199395923,0.02206524162066873,Random Forest,Intra-Sector
0,TRUS,0.9926803193988893,60.39522542017048,Financials,80.79670265938086,25.28179539039584,-0.16862070951118438,-0.05823491068716369,Random Forest,Intra-Sector
0,TUGU,0.9911924844398713,1129.865278586227,Financials,247.15559693035834,19.769887461134513,2.91058875209413,0.1274439388547183,Random Forest,Intra-Sector
0,VICO,0.9716711168297252,62.02435620810319,Financials,73.07385972519523,33.487353781830755,-0.36585050084182197,-0.3257027126771722,Random Forest,Intra-Sector
0,VINS,0.9475837854085453,95.18205698559647,Financials,63.388774853863424,36.93370730385831,0.4465795660335484,0.0700724090243439,Random Forest,Intra-Sector
0,VRNA,0.9741104977156672,20.50536821697747,Financials,59.66209345511024,27.267903402358616,-0.03730095691456866,-0.07427049181298208,Random Forest,Intra-Sector
0,VTNY,0.9701673677937243,405.46767890994107,Financials,123.01067651412313,25.68736893645237,-1.1905693753639852,-0.5462472713717273,Random Forest,Intra-Sector
0,WOMF,0.9972042530419044,42.06175841777409,Financials,60.840326124660095,25.678553694339566,-0.11776831451139981,-0.1578112617602426,Random Forest,Intra-Sector
0,YULE,0.9992091109720589,351.61609309298177,Financials,200.39825802641235,47.8198615291716,1.163647995201955,0.04890848671823962,Random Forest,Intra-Sector
